{"cameraMode":{"drawMode":0,"name":"Shaded","section":"Shading Mode"},"sceneLighting":false,"audioPlay":false,"sceneViewState":{"showFog":true,"showMaterialUpdate":false,"showSkybox":false,"showFlares":true,"showImageEffects":true,"showParticleSystems":true},"in2DMode":false,"pivot":{"x":6.327053546905518,"y":0.3420732021331787,"z":3.0916740894317629},"rotation":{"x":-0.48320266604423525,"y":0.0018360557733103634,"z":-0.0010133031755685807,"w":-0.8755068182945252},"size":3.412586212158203,"orthographic":false}